sample_id,family_name,split
0,harmonic_oscillator_wavefunction,train
1,harmonic_oscillator_wavefunction,train
2,harmonic_oscillator_wavefunction,train
3,harmonic_oscillator_wavefunction,val
4,harmonic_oscillator_wavefunction,train
5,harmonic_oscillator_wavefunction,train
6,harmonic_oscillator_wavefunction,train
7,harmonic_oscillator_wavefunction,val
8,harmonic_oscillator_wavefunction,train
9,harmonic_oscillator_wavefunction,val
10,harmonic_oscillator_wavefunction,train
11,harmonic_oscillator_wavefunction,val
12,harmonic_oscillator_wavefunction,train
13,harmonic_oscillator_wavefunction,train
14,harmonic_oscillator_wavefunction,train
15,harmonic_oscillator_wavefunction,train
16,harmonic_oscillator_wavefunction,val
17,harmonic_oscillator_wavefunction,val
18,harmonic_oscillator_wavefunction,train
19,harmonic_oscillator_wavefunction,val
20,harmonic_oscillator_wavefunction,train
21,harmonic_oscillator_wavefunction,train
22,harmonic_oscillator_wavefunction,val
23,harmonic_oscillator_wavefunction,val
24,harmonic_oscillator_wavefunction,train
25,harmonic_oscillator_wavefunction,train
26,harmonic_oscillator_wavefunction,val
27,harmonic_oscillator_wavefunction,train
28,harmonic_oscillator_wavefunction,train
29,harmonic_oscillator_wavefunction,train
30,harmonic_oscillator_wavefunction,train
31,harmonic_oscillator_wavefunction,train
32,harmonic_oscillator_wavefunction,train
33,harmonic_oscillator_wavefunction,val
34,harmonic_oscillator_wavefunction,train
35,harmonic_oscillator_wavefunction,val
36,harmonic_oscillator_wavefunction,train
37,harmonic_oscillator_wavefunction,train
38,harmonic_oscillator_wavefunction,train
39,harmonic_oscillator_wavefunction,train
40,harmonic_oscillator_wavefunction,val
41,harmonic_oscillator_wavefunction,train
42,harmonic_oscillator_wavefunction,val
43,harmonic_oscillator_wavefunction,train
44,harmonic_oscillator_wavefunction,train
45,harmonic_oscillator_wavefunction,val
46,harmonic_oscillator_wavefunction,train
47,harmonic_oscillator_wavefunction,train
48,harmonic_oscillator_wavefunction,val
49,harmonic_oscillator_wavefunction,train
50,harmonic_oscillator_wavefunction,val
51,harmonic_oscillator_wavefunction,train
52,harmonic_oscillator_wavefunction,val
53,harmonic_oscillator_wavefunction,train
54,harmonic_oscillator_wavefunction,train
55,harmonic_oscillator_wavefunction,train
56,harmonic_oscillator_wavefunction,train
57,harmonic_oscillator_wavefunction,train
58,harmonic_oscillator_wavefunction,val
59,harmonic_oscillator_wavefunction,train
60,harmonic_oscillator_wavefunction,train
61,harmonic_oscillator_wavefunction,train
62,harmonic_oscillator_wavefunction,train
63,harmonic_oscillator_wavefunction,train
64,harmonic_oscillator_wavefunction,train
65,harmonic_oscillator_wavefunction,train
66,harmonic_oscillator_wavefunction,train
67,harmonic_oscillator_wavefunction,train
68,harmonic_oscillator_wavefunction,train
69,harmonic_oscillator_wavefunction,val
70,harmonic_oscillator_wavefunction,train
71,harmonic_oscillator_wavefunction,val
72,harmonic_oscillator_wavefunction,train
73,harmonic_oscillator_wavefunction,train
74,harmonic_oscillator_wavefunction,train
75,harmonic_oscillator_wavefunction,train
76,harmonic_oscillator_wavefunction,train
77,harmonic_oscillator_wavefunction,val
78,harmonic_oscillator_wavefunction,train
79,harmonic_oscillator_wavefunction,train
80,harmonic_oscillator_wavefunction,train
81,harmonic_oscillator_wavefunction,val
82,harmonic_oscillator_wavefunction,train
83,harmonic_oscillator_wavefunction,train
84,harmonic_oscillator_wavefunction,train
85,harmonic_oscillator_wavefunction,train
86,harmonic_oscillator_wavefunction,train
87,harmonic_oscillator_wavefunction,train
88,harmonic_oscillator_wavefunction,train
89,harmonic_oscillator_wavefunction,train
90,harmonic_oscillator_wavefunction,train
91,harmonic_oscillator_wavefunction,train
92,harmonic_oscillator_wavefunction,train
93,harmonic_oscillator_wavefunction,train
94,harmonic_oscillator_wavefunction,train
95,harmonic_oscillator_wavefunction,train
96,harmonic_oscillator_wavefunction,train
97,harmonic_oscillator_wavefunction,val
98,harmonic_oscillator_wavefunction,train
99,harmonic_oscillator_wavefunction,val
100,harmonic_oscillator_wavefunction,train
101,harmonic_oscillator_wavefunction,train
102,harmonic_oscillator_wavefunction,train
103,harmonic_oscillator_wavefunction,train
104,harmonic_oscillator_wavefunction,val
105,harmonic_oscillator_wavefunction,val
106,harmonic_oscillator_wavefunction,train
107,harmonic_oscillator_wavefunction,train
108,harmonic_oscillator_wavefunction,train
109,harmonic_oscillator_wavefunction,train
110,harmonic_oscillator_wavefunction,val
111,harmonic_oscillator_wavefunction,train
112,harmonic_oscillator_wavefunction,train
113,harmonic_oscillator_wavefunction,train
114,harmonic_oscillator_wavefunction,train
115,harmonic_oscillator_wavefunction,train
116,harmonic_oscillator_wavefunction,train
117,harmonic_oscillator_wavefunction,train
118,harmonic_oscillator_wavefunction,train
119,harmonic_oscillator_wavefunction,train
120,harmonic_oscillator_wavefunction,val
121,harmonic_oscillator_wavefunction,train
122,harmonic_oscillator_wavefunction,val
123,harmonic_oscillator_wavefunction,train
124,harmonic_oscillator_wavefunction,val
125,harmonic_oscillator_wavefunction,train
126,harmonic_oscillator_wavefunction,train
127,harmonic_oscillator_wavefunction,train
128,harmonic_oscillator_wavefunction,val
129,harmonic_oscillator_wavefunction,train
130,harmonic_oscillator_wavefunction,val
131,harmonic_oscillator_wavefunction,train
132,harmonic_oscillator_wavefunction,train
133,harmonic_oscillator_wavefunction,val
134,harmonic_oscillator_wavefunction,train
135,harmonic_oscillator_wavefunction,train
136,harmonic_oscillator_wavefunction,train
137,harmonic_oscillator_wavefunction,train
138,harmonic_oscillator_wavefunction,val
139,harmonic_oscillator_wavefunction,train
140,harmonic_oscillator_wavefunction,val
141,harmonic_oscillator_wavefunction,train
142,harmonic_oscillator_wavefunction,train
143,harmonic_oscillator_wavefunction,train
144,harmonic_oscillator_wavefunction,val
145,harmonic_oscillator_wavefunction,val
146,harmonic_oscillator_wavefunction,train
147,harmonic_oscillator_wavefunction,train
148,harmonic_oscillator_wavefunction,train
149,harmonic_oscillator_wavefunction,train
150,harmonic_oscillator_wavefunction,train
151,harmonic_oscillator_wavefunction,train
152,harmonic_oscillator_wavefunction,val
153,harmonic_oscillator_wavefunction,train
154,harmonic_oscillator_wavefunction,val
155,harmonic_oscillator_wavefunction,train
156,harmonic_oscillator_wavefunction,train
157,harmonic_oscillator_wavefunction,train
158,harmonic_oscillator_wavefunction,train
159,harmonic_oscillator_wavefunction,train
160,harmonic_oscillator_wavefunction,train
161,harmonic_oscillator_wavefunction,train
162,harmonic_oscillator_wavefunction,train
163,harmonic_oscillator_wavefunction,train
164,harmonic_oscillator_wavefunction,train
165,harmonic_oscillator_wavefunction,train
166,harmonic_oscillator_wavefunction,train
167,harmonic_oscillator_wavefunction,train
168,harmonic_oscillator_wavefunction,train
169,harmonic_oscillator_wavefunction,train
170,harmonic_oscillator_wavefunction,train
171,harmonic_oscillator_wavefunction,train
172,harmonic_oscillator_wavefunction,train
173,harmonic_oscillator_wavefunction,train
174,harmonic_oscillator_wavefunction,train
175,harmonic_oscillator_wavefunction,train
176,harmonic_oscillator_wavefunction,train
177,harmonic_oscillator_wavefunction,train
178,harmonic_oscillator_wavefunction,train
179,harmonic_oscillator_wavefunction,train
180,harmonic_oscillator_wavefunction,train
181,harmonic_oscillator_wavefunction,train
182,harmonic_oscillator_wavefunction,train
183,harmonic_oscillator_wavefunction,val
184,harmonic_oscillator_wavefunction,train
185,harmonic_oscillator_wavefunction,train
186,harmonic_oscillator_wavefunction,train
187,harmonic_oscillator_wavefunction,train
188,harmonic_oscillator_wavefunction,val
189,harmonic_oscillator_wavefunction,train
190,harmonic_oscillator_wavefunction,train
191,harmonic_oscillator_wavefunction,train
192,harmonic_oscillator_wavefunction,val
193,harmonic_oscillator_wavefunction,train
194,harmonic_oscillator_wavefunction,val
195,harmonic_oscillator_wavefunction,train
196,harmonic_oscillator_wavefunction,train
197,harmonic_oscillator_wavefunction,train
198,harmonic_oscillator_wavefunction,val
199,harmonic_oscillator_wavefunction,train
200,morse,train
201,morse,train
202,morse,train
203,morse,train
204,morse,train
205,morse,train
206,morse,train
207,morse,train
208,morse,train
209,morse,train
210,morse,train
211,morse,train
212,morse,train
213,morse,train
214,morse,train
215,morse,train
216,morse,train
217,morse,train
218,morse,train
219,morse,train
220,morse,train
221,morse,train
222,morse,train
223,morse,train
224,morse,train
225,morse,train
226,morse,train
227,morse,train
228,morse,val
229,morse,train
230,morse,val
231,morse,train
232,morse,train
233,morse,train
234,morse,train
235,morse,train
236,morse,train
237,morse,train
238,morse,train
239,morse,train
240,morse,train
241,morse,train
242,morse,train
243,morse,train
244,morse,train
245,morse,train
246,morse,train
247,morse,val
248,morse,train
249,morse,train
250,morse,train
251,morse,train
252,morse,train
253,morse,train
254,morse,train
255,morse,train
256,morse,train
257,morse,train
258,morse,val
259,morse,train
260,morse,val
261,morse,train
262,morse,train
263,morse,train
264,morse,train
265,morse,train
266,morse,train
267,morse,train
268,morse,val
269,morse,val
270,morse,train
271,morse,val
272,morse,train
273,morse,train
274,morse,train
275,morse,train
276,morse,train
277,morse,val
278,morse,train
279,morse,val
280,morse,val
281,morse,val
282,morse,train
283,morse,val
284,morse,train
285,morse,train
286,morse,train
287,morse,train
288,morse,train
289,morse,train
290,morse,val
291,morse,train
292,morse,val
293,morse,val
294,morse,train
295,morse,train
296,morse,train
297,morse,val
298,morse,train
299,morse,train
300,morse,val
301,morse,val
302,morse,train
303,morse,train
304,morse,val
305,morse,train
306,morse,train
307,morse,train
308,morse,train
309,morse,train
310,morse,val
311,morse,val
312,morse,train
313,morse,train
314,morse,train
315,morse,val
316,morse,train
317,morse,train
318,morse,val
319,morse,train
320,morse,train
321,morse,train
322,morse,train
323,morse,train
324,morse,train
325,morse,val
326,morse,val
327,morse,train
328,morse,val
329,morse,train
330,morse,train
331,morse,val
332,morse,train
333,morse,val
334,morse,val
335,morse,train
336,morse,train
337,morse,train
338,morse,train
339,morse,val
340,morse,train
341,morse,train
342,morse,train
343,morse,train
344,morse,train
345,morse,train
346,morse,train
347,morse,train
348,morse,train
349,morse,val
350,morse,train
351,morse,train
352,morse,val
353,morse,train
354,morse,train
355,morse,train
356,morse,train
357,morse,train
358,morse,train
359,morse,train
360,morse,train
361,morse,val
362,morse,train
363,morse,train
364,morse,train
365,morse,train
366,morse,train
367,morse,train
368,morse,train
369,morse,train
370,morse,train
371,morse,train
372,morse,train
373,morse,train
374,morse,val
375,morse,val
376,morse,val
377,morse,val
378,morse,val
379,morse,val
380,morse,train
381,morse,train
382,morse,val
383,morse,train
384,morse,train
385,morse,val
386,morse,train
387,morse,train
388,morse,train
389,morse,train
390,morse,val
391,morse,train
392,morse,val
393,morse,train
394,morse,val
395,morse,train
396,morse,train
397,morse,val
398,morse,train
399,morse,train
400,solve_poschl_teller_h,val
401,solve_poschl_teller_h,train
402,solve_poschl_teller_h,train
403,solve_poschl_teller_h,train
404,solve_poschl_teller_h,train
405,solve_poschl_teller_h,train
406,solve_poschl_teller_h,train
407,solve_poschl_teller_h,train
408,solve_poschl_teller_h,train
409,solve_poschl_teller_h,train
410,solve_poschl_teller_h,train
411,solve_poschl_teller_h,train
412,solve_poschl_teller_h,train
413,solve_poschl_teller_h,train
414,solve_poschl_teller_h,train
415,solve_poschl_teller_h,train
416,solve_poschl_teller_h,train
417,solve_poschl_teller_h,train
418,solve_poschl_teller_h,val
419,solve_poschl_teller_h,train
420,solve_poschl_teller_h,train
421,solve_poschl_teller_h,train
422,solve_poschl_teller_h,train
423,solve_poschl_teller_h,train
424,solve_poschl_teller_h,train
425,solve_poschl_teller_h,train
426,solve_poschl_teller_h,train
427,solve_poschl_teller_h,train
428,solve_poschl_teller_h,train
429,solve_poschl_teller_h,val
430,solve_poschl_teller_h,train
431,solve_poschl_teller_h,train
432,solve_poschl_teller_h,train
433,solve_poschl_teller_h,val
434,solve_poschl_teller_h,train
435,solve_poschl_teller_h,train
436,solve_poschl_teller_h,train
437,solve_poschl_teller_h,train
438,solve_poschl_teller_h,train
439,solve_poschl_teller_h,train
440,solve_poschl_teller_h,train
441,solve_poschl_teller_h,train
442,solve_poschl_teller_h,train
443,solve_poschl_teller_h,train
444,solve_poschl_teller_h,train
445,solve_poschl_teller_h,train
446,solve_poschl_teller_h,train
447,solve_poschl_teller_h,train
448,solve_poschl_teller_h,train
449,solve_poschl_teller_h,train
450,solve_poschl_teller_h,train
451,solve_poschl_teller_h,val
452,solve_poschl_teller_h,train
453,solve_poschl_teller_h,train
454,solve_poschl_teller_h,train
455,solve_poschl_teller_h,val
456,solve_poschl_teller_h,train
457,solve_poschl_teller_h,train
458,solve_poschl_teller_h,train
459,solve_poschl_teller_h,train
460,solve_poschl_teller_h,train
461,solve_poschl_teller_h,train
462,solve_poschl_teller_h,train
463,solve_poschl_teller_h,train
464,solve_poschl_teller_h,train
465,solve_poschl_teller_h,train
466,solve_poschl_teller_h,train
467,solve_poschl_teller_h,train
468,solve_poschl_teller_h,train
469,solve_poschl_teller_h,train
470,solve_poschl_teller_h,train
471,solve_poschl_teller_h,val
472,solve_poschl_teller_h,val
473,solve_poschl_teller_h,train
474,solve_poschl_teller_h,val
475,solve_poschl_teller_h,train
476,solve_poschl_teller_h,train
477,solve_poschl_teller_h,train
478,solve_poschl_teller_h,train
479,solve_poschl_teller_h,train
480,solve_poschl_teller_h,train
481,solve_poschl_teller_h,train
482,solve_poschl_teller_h,train
483,solve_poschl_teller_h,val
484,solve_poschl_teller_h,val
485,solve_poschl_teller_h,train
486,solve_poschl_teller_h,train
487,solve_poschl_teller_h,train
488,solve_poschl_teller_h,train
489,solve_poschl_teller_h,train
490,solve_poschl_teller_h,train
491,solve_poschl_teller_h,train
492,solve_poschl_teller_h,train
493,solve_poschl_teller_h,val
494,solve_poschl_teller_h,train
495,solve_poschl_teller_h,train
496,solve_poschl_teller_h,val
497,solve_poschl_teller_h,train
498,solve_poschl_teller_h,train
499,solve_poschl_teller_h,train
500,solve_poschl_teller_h,train
501,solve_poschl_teller_h,train
502,solve_poschl_teller_h,train
503,solve_poschl_teller_h,train
504,solve_poschl_teller_h,train
505,solve_poschl_teller_h,train
506,solve_poschl_teller_h,train
507,solve_poschl_teller_h,train
508,solve_poschl_teller_h,train
509,solve_poschl_teller_h,val
510,solve_poschl_teller_h,train
511,solve_poschl_teller_h,train
512,solve_poschl_teller_h,train
513,solve_poschl_teller_h,val
514,solve_poschl_teller_h,train
515,solve_poschl_teller_h,val
516,solve_poschl_teller_h,train
517,solve_poschl_teller_h,val
518,solve_poschl_teller_h,train
519,solve_poschl_teller_h,train
520,solve_poschl_teller_h,train
521,solve_poschl_teller_h,train
522,solve_poschl_teller_h,train
523,solve_poschl_teller_h,train
524,solve_poschl_teller_h,train
525,solve_poschl_teller_h,train
526,solve_poschl_teller_h,train
527,solve_poschl_teller_h,train
528,solve_poschl_teller_h,train
529,solve_poschl_teller_h,train
530,solve_poschl_teller_h,train
531,solve_poschl_teller_h,val
532,solve_poschl_teller_h,val
533,solve_poschl_teller_h,val
534,solve_poschl_teller_h,train
535,solve_poschl_teller_h,train
536,solve_poschl_teller_h,val
537,solve_poschl_teller_h,train
538,solve_poschl_teller_h,train
539,solve_poschl_teller_h,train
540,solve_poschl_teller_h,train
541,solve_poschl_teller_h,val
542,solve_poschl_teller_h,train
543,solve_poschl_teller_h,train
544,solve_poschl_teller_h,train
545,solve_poschl_teller_h,train
546,solve_poschl_teller_h,val
547,solve_poschl_teller_h,train
548,solve_poschl_teller_h,train
549,solve_poschl_teller_h,val
550,solve_poschl_teller_h,val
551,solve_poschl_teller_h,train
552,solve_poschl_teller_h,val
553,solve_poschl_teller_h,train
554,solve_poschl_teller_h,val
555,solve_poschl_teller_h,val
556,solve_poschl_teller_h,train
557,solve_poschl_teller_h,train
558,solve_poschl_teller_h,val
559,solve_poschl_teller_h,train
560,solve_poschl_teller_h,train
561,solve_poschl_teller_h,train
562,solve_poschl_teller_h,val
563,solve_poschl_teller_h,train
564,solve_poschl_teller_h,train
565,solve_poschl_teller_h,train
566,solve_poschl_teller_h,train
567,solve_poschl_teller_h,train
568,solve_poschl_teller_h,train
569,solve_poschl_teller_h,train
570,solve_poschl_teller_h,train
571,solve_poschl_teller_h,train
572,solve_poschl_teller_h,train
573,solve_poschl_teller_h,train
574,solve_poschl_teller_h,train
575,solve_poschl_teller_h,train
576,solve_poschl_teller_h,train
577,solve_poschl_teller_h,train
578,solve_poschl_teller_h,train
579,solve_poschl_teller_h,train
580,solve_poschl_teller_h,val
581,solve_poschl_teller_h,train
582,solve_poschl_teller_h,train
583,solve_poschl_teller_h,val
584,solve_poschl_teller_h,train
585,solve_poschl_teller_h,train
586,solve_poschl_teller_h,train
587,solve_poschl_teller_h,train
588,solve_poschl_teller_h,train
589,solve_poschl_teller_h,train
590,solve_poschl_teller_h,val
591,solve_poschl_teller_h,train
592,solve_poschl_teller_h,train
593,solve_poschl_teller_h,val
594,solve_poschl_teller_h,train
595,solve_poschl_teller_h,train
596,solve_poschl_teller_h,val
597,solve_poschl_teller_h,train
598,solve_poschl_teller_h,train
599,solve_poschl_teller_h,train
600,solve_poschl_teller_t,train
601,solve_poschl_teller_t,train
602,solve_poschl_teller_t,train
603,solve_poschl_teller_t,train
604,solve_poschl_teller_t,train
605,solve_poschl_teller_t,train
606,solve_poschl_teller_t,train
607,solve_poschl_teller_t,train
608,solve_poschl_teller_t,train
609,solve_poschl_teller_t,val
610,solve_poschl_teller_t,val
611,solve_poschl_teller_t,train
612,solve_poschl_teller_t,train
613,solve_poschl_teller_t,train
614,solve_poschl_teller_t,val
615,solve_poschl_teller_t,val
616,solve_poschl_teller_t,train
617,solve_poschl_teller_t,train
618,solve_poschl_teller_t,train
619,solve_poschl_teller_t,val
620,solve_poschl_teller_t,train
621,solve_poschl_teller_t,train
622,solve_poschl_teller_t,val
623,solve_poschl_teller_t,train
624,solve_poschl_teller_t,train
625,solve_poschl_teller_t,train
626,solve_poschl_teller_t,val
627,solve_poschl_teller_t,train
628,solve_poschl_teller_t,train
629,solve_poschl_teller_t,val
630,solve_poschl_teller_t,train
631,solve_poschl_teller_t,train
632,solve_poschl_teller_t,train
633,solve_poschl_teller_t,train
634,solve_poschl_teller_t,train
635,solve_poschl_teller_t,train
636,solve_poschl_teller_t,train
637,solve_poschl_teller_t,val
638,solve_poschl_teller_t,train
639,solve_poschl_teller_t,train
640,solve_poschl_teller_t,train
641,solve_poschl_teller_t,train
642,solve_poschl_teller_t,val
643,solve_poschl_teller_t,train
644,solve_poschl_teller_t,train
645,solve_poschl_teller_t,train
646,solve_poschl_teller_t,train
647,solve_poschl_teller_t,train
648,solve_poschl_teller_t,train
649,solve_poschl_teller_t,train
650,solve_poschl_teller_t,val
651,solve_poschl_teller_t,train
652,solve_poschl_teller_t,train
653,solve_poschl_teller_t,train
654,solve_poschl_teller_t,train
655,solve_poschl_teller_t,train
656,solve_poschl_teller_t,train
657,solve_poschl_teller_t,val
658,solve_poschl_teller_t,train
659,solve_poschl_teller_t,val
660,solve_poschl_teller_t,train
661,solve_poschl_teller_t,val
662,solve_poschl_teller_t,val
663,solve_poschl_teller_t,train
664,solve_poschl_teller_t,train
665,solve_poschl_teller_t,train
666,solve_poschl_teller_t,train
667,solve_poschl_teller_t,train
668,solve_poschl_teller_t,train
669,solve_poschl_teller_t,train
670,solve_poschl_teller_t,train
671,solve_poschl_teller_t,val
672,solve_poschl_teller_t,train
673,solve_poschl_teller_t,val
674,solve_poschl_teller_t,train
675,solve_poschl_teller_t,val
676,solve_poschl_teller_t,train
677,solve_poschl_teller_t,train
678,solve_poschl_teller_t,train
679,solve_poschl_teller_t,train
680,solve_poschl_teller_t,train
681,solve_poschl_teller_t,train
682,solve_poschl_teller_t,train
683,solve_poschl_teller_t,train
684,solve_poschl_teller_t,train
685,solve_poschl_teller_t,train
686,solve_poschl_teller_t,train
687,solve_poschl_teller_t,train
688,solve_poschl_teller_t,train
689,solve_poschl_teller_t,val
690,solve_poschl_teller_t,train
691,solve_poschl_teller_t,train
692,solve_poschl_teller_t,train
693,solve_poschl_teller_t,val
694,solve_poschl_teller_t,val
695,solve_poschl_teller_t,train
696,solve_poschl_teller_t,val
697,solve_poschl_teller_t,train
698,solve_poschl_teller_t,train
699,solve_poschl_teller_t,train
700,solve_poschl_teller_t,train
701,solve_poschl_teller_t,train
702,solve_poschl_teller_t,train
703,solve_poschl_teller_t,train
704,solve_poschl_teller_t,train
705,solve_poschl_teller_t,train
706,solve_poschl_teller_t,train
707,solve_poschl_teller_t,val
708,solve_poschl_teller_t,train
709,solve_poschl_teller_t,train
710,solve_poschl_teller_t,val
711,solve_poschl_teller_t,train
712,solve_poschl_teller_t,val
713,solve_poschl_teller_t,train
714,solve_poschl_teller_t,val
715,solve_poschl_teller_t,train
716,solve_poschl_teller_t,train
717,solve_poschl_teller_t,train
718,solve_poschl_teller_t,train
719,solve_poschl_teller_t,train
720,solve_poschl_teller_t,train
721,solve_poschl_teller_t,train
722,solve_poschl_teller_t,val
723,solve_poschl_teller_t,train
724,solve_poschl_teller_t,train
725,solve_poschl_teller_t,train
726,solve_poschl_teller_t,train
727,solve_poschl_teller_t,train
728,solve_poschl_teller_t,val
729,solve_poschl_teller_t,train
730,solve_poschl_teller_t,val
731,solve_poschl_teller_t,train
732,solve_poschl_teller_t,train
733,solve_poschl_teller_t,train
734,solve_poschl_teller_t,train
735,solve_poschl_teller_t,train
736,solve_poschl_teller_t,train
737,solve_poschl_teller_t,train
738,solve_poschl_teller_t,train
739,solve_poschl_teller_t,val
740,solve_poschl_teller_t,train
741,solve_poschl_teller_t,val
742,solve_poschl_teller_t,train
743,solve_poschl_teller_t,val
744,solve_poschl_teller_t,train
745,solve_poschl_teller_t,train
746,solve_poschl_teller_t,val
747,solve_poschl_teller_t,train
748,solve_poschl_teller_t,val
749,solve_poschl_teller_t,train
750,solve_poschl_teller_t,train
751,solve_poschl_teller_t,val
752,solve_poschl_teller_t,train
753,solve_poschl_teller_t,val
754,solve_poschl_teller_t,train
755,solve_poschl_teller_t,train
756,solve_poschl_teller_t,train
757,solve_poschl_teller_t,train
758,solve_poschl_teller_t,train
759,solve_poschl_teller_t,train
760,solve_poschl_teller_t,val
761,solve_poschl_teller_t,train
762,solve_poschl_teller_t,train
763,solve_poschl_teller_t,train
764,solve_poschl_teller_t,train
765,solve_poschl_teller_t,train
766,solve_poschl_teller_t,train
767,solve_poschl_teller_t,train
768,solve_poschl_teller_t,val
769,solve_poschl_teller_t,train
770,solve_poschl_teller_t,train
771,solve_poschl_teller_t,train
772,solve_poschl_teller_t,train
773,solve_poschl_teller_t,train
774,solve_poschl_teller_t,train
775,solve_poschl_teller_t,train
776,solve_poschl_teller_t,train
777,solve_poschl_teller_t,train
778,solve_poschl_teller_t,train
779,solve_poschl_teller_t,train
780,solve_poschl_teller_t,train
781,solve_poschl_teller_t,train
782,solve_poschl_teller_t,train
783,solve_poschl_teller_t,val
784,solve_poschl_teller_t,train
785,solve_poschl_teller_t,train
786,solve_poschl_teller_t,train
787,solve_poschl_teller_t,train
788,solve_poschl_teller_t,train
789,solve_poschl_teller_t,train
790,solve_poschl_teller_t,train
791,solve_poschl_teller_t,train
792,solve_poschl_teller_t,train
793,solve_poschl_teller_t,train
794,solve_poschl_teller_t,train
795,solve_poschl_teller_t,val
796,solve_poschl_teller_t,val
797,solve_poschl_teller_t,train
798,solve_poschl_teller_t,val
799,solve_poschl_teller_t,train
800,coulomb_radial_effective_potential,train
801,coulomb_radial_effective_potential,train
802,coulomb_radial_effective_potential,train
803,coulomb_radial_effective_potential,train
804,coulomb_radial_effective_potential,train
805,coulomb_radial_effective_potential,train
806,coulomb_radial_effective_potential,val
807,coulomb_radial_effective_potential,train
808,coulomb_radial_effective_potential,train
809,coulomb_radial_effective_potential,train
810,coulomb_radial_effective_potential,val
811,coulomb_radial_effective_potential,train
812,coulomb_radial_effective_potential,train
813,coulomb_radial_effective_potential,train
814,coulomb_radial_effective_potential,train
815,coulomb_radial_effective_potential,train
816,coulomb_radial_effective_potential,train
817,coulomb_radial_effective_potential,train
818,coulomb_radial_effective_potential,train
819,coulomb_radial_effective_potential,train
820,coulomb_radial_effective_potential,train
821,coulomb_radial_effective_potential,train
822,coulomb_radial_effective_potential,train
823,coulomb_radial_effective_potential,train
824,coulomb_radial_effective_potential,val
825,coulomb_radial_effective_potential,train
826,coulomb_radial_effective_potential,train
827,coulomb_radial_effective_potential,val
828,coulomb_radial_effective_potential,train
829,coulomb_radial_effective_potential,train
830,coulomb_radial_effective_potential,train
831,coulomb_radial_effective_potential,train
832,coulomb_radial_effective_potential,train
833,coulomb_radial_effective_potential,train
834,coulomb_radial_effective_potential,train
835,coulomb_radial_effective_potential,train
836,coulomb_radial_effective_potential,train
837,coulomb_radial_effective_potential,train
838,coulomb_radial_effective_potential,train
839,coulomb_radial_effective_potential,train
840,coulomb_radial_effective_potential,train
841,coulomb_radial_effective_potential,train
842,coulomb_radial_effective_potential,train
843,coulomb_radial_effective_potential,train
844,coulomb_radial_effective_potential,train
845,coulomb_radial_effective_potential,train
846,coulomb_radial_effective_potential,val
847,coulomb_radial_effective_potential,train
848,coulomb_radial_effective_potential,train
849,coulomb_radial_effective_potential,train
850,coulomb_radial_effective_potential,train
851,coulomb_radial_effective_potential,val
852,coulomb_radial_effective_potential,train
853,coulomb_radial_effective_potential,train
854,coulomb_radial_effective_potential,val
855,coulomb_radial_effective_potential,val
856,coulomb_radial_effective_potential,train
857,coulomb_radial_effective_potential,val
858,coulomb_radial_effective_potential,train
859,coulomb_radial_effective_potential,train
860,coulomb_radial_effective_potential,train
861,coulomb_radial_effective_potential,val
862,coulomb_radial_effective_potential,train
863,coulomb_radial_effective_potential,train
864,coulomb_radial_effective_potential,train
865,coulomb_radial_effective_potential,train
866,coulomb_radial_effective_potential,train
867,coulomb_radial_effective_potential,val
868,coulomb_radial_effective_potential,train
869,coulomb_radial_effective_potential,train
870,coulomb_radial_effective_potential,train
871,coulomb_radial_effective_potential,train
872,coulomb_radial_effective_potential,val
873,coulomb_radial_effective_potential,train
874,coulomb_radial_effective_potential,train
875,coulomb_radial_effective_potential,train
876,coulomb_radial_effective_potential,val
877,coulomb_radial_effective_potential,val
878,coulomb_radial_effective_potential,train
879,coulomb_radial_effective_potential,train
880,coulomb_radial_effective_potential,train
881,coulomb_radial_effective_potential,train
882,coulomb_radial_effective_potential,train
883,coulomb_radial_effective_potential,train
884,coulomb_radial_effective_potential,train
885,coulomb_radial_effective_potential,train
886,coulomb_radial_effective_potential,train
887,coulomb_radial_effective_potential,train
888,coulomb_radial_effective_potential,train
889,coulomb_radial_effective_potential,train
890,coulomb_radial_effective_potential,train
891,coulomb_radial_effective_potential,train
892,coulomb_radial_effective_potential,train
893,coulomb_radial_effective_potential,val
894,coulomb_radial_effective_potential,train
895,coulomb_radial_effective_potential,train
896,coulomb_radial_effective_potential,train
897,coulomb_radial_effective_potential,train
898,coulomb_radial_effective_potential,train
899,coulomb_radial_effective_potential,val
900,coulomb_radial_effective_potential,train
901,coulomb_radial_effective_potential,train
902,coulomb_radial_effective_potential,val
903,coulomb_radial_effective_potential,train
904,coulomb_radial_effective_potential,train
905,coulomb_radial_effective_potential,train
906,coulomb_radial_effective_potential,train
907,coulomb_radial_effective_potential,train
908,coulomb_radial_effective_potential,train
909,coulomb_radial_effective_potential,train
910,coulomb_radial_effective_potential,train
911,coulomb_radial_effective_potential,val
912,coulomb_radial_effective_potential,train
913,coulomb_radial_effective_potential,train
914,coulomb_radial_effective_potential,val
915,coulomb_radial_effective_potential,train
916,coulomb_radial_effective_potential,train
917,coulomb_radial_effective_potential,train
918,coulomb_radial_effective_potential,val
919,coulomb_radial_effective_potential,train
920,coulomb_radial_effective_potential,train
921,coulomb_radial_effective_potential,train
922,coulomb_radial_effective_potential,train
923,coulomb_radial_effective_potential,train
924,coulomb_radial_effective_potential,val
925,coulomb_radial_effective_potential,val
926,coulomb_radial_effective_potential,train
927,coulomb_radial_effective_potential,train
928,coulomb_radial_effective_potential,train
929,coulomb_radial_effective_potential,train
930,coulomb_radial_effective_potential,val
931,coulomb_radial_effective_potential,train
932,coulomb_radial_effective_potential,val
933,coulomb_radial_effective_potential,val
934,coulomb_radial_effective_potential,train
935,coulomb_radial_effective_potential,train
936,coulomb_radial_effective_potential,train
937,coulomb_radial_effective_potential,train
938,coulomb_radial_effective_potential,train
939,coulomb_radial_effective_potential,train
940,coulomb_radial_effective_potential,train
941,coulomb_radial_effective_potential,train
942,coulomb_radial_effective_potential,train
943,coulomb_radial_effective_potential,train
944,coulomb_radial_effective_potential,val
945,coulomb_radial_effective_potential,train
946,coulomb_radial_effective_potential,train
947,coulomb_radial_effective_potential,val
948,coulomb_radial_effective_potential,train
949,coulomb_radial_effective_potential,val
950,coulomb_radial_effective_potential,val
951,coulomb_radial_effective_potential,train
952,coulomb_radial_effective_potential,train
953,coulomb_radial_effective_potential,train
954,coulomb_radial_effective_potential,val
955,coulomb_radial_effective_potential,train
956,coulomb_radial_effective_potential,train
957,coulomb_radial_effective_potential,train
958,coulomb_radial_effective_potential,train
959,coulomb_radial_effective_potential,train
960,coulomb_radial_effective_potential,train
961,coulomb_radial_effective_potential,val
962,coulomb_radial_effective_potential,train
963,coulomb_radial_effective_potential,train
964,coulomb_radial_effective_potential,train
965,coulomb_radial_effective_potential,train
966,coulomb_radial_effective_potential,train
967,coulomb_radial_effective_potential,train
968,coulomb_radial_effective_potential,train
969,coulomb_radial_effective_potential,train
970,coulomb_radial_effective_potential,train
971,coulomb_radial_effective_potential,val
972,coulomb_radial_effective_potential,train
973,coulomb_radial_effective_potential,train
974,coulomb_radial_effective_potential,train
975,coulomb_radial_effective_potential,val
976,coulomb_radial_effective_potential,train
977,coulomb_radial_effective_potential,train
978,coulomb_radial_effective_potential,train
979,coulomb_radial_effective_potential,train
980,coulomb_radial_effective_potential,val
981,coulomb_radial_effective_potential,train
982,coulomb_radial_effective_potential,train
983,coulomb_radial_effective_potential,train
984,coulomb_radial_effective_potential,train
985,coulomb_radial_effective_potential,train
986,coulomb_radial_effective_potential,val
987,coulomb_radial_effective_potential,val
988,coulomb_radial_effective_potential,train
989,coulomb_radial_effective_potential,val
990,coulomb_radial_effective_potential,train
991,coulomb_radial_effective_potential,train
992,coulomb_radial_effective_potential,train
993,coulomb_radial_effective_potential,train
994,coulomb_radial_effective_potential,train
995,coulomb_radial_effective_potential,train
996,coulomb_radial_effective_potential,val
997,coulomb_radial_effective_potential,train
998,coulomb_radial_effective_potential,train
999,coulomb_radial_effective_potential,train
1000,radial_oscillator_potential,val
1001,radial_oscillator_potential,train
1002,radial_oscillator_potential,train
1003,radial_oscillator_potential,train
1004,radial_oscillator_potential,train
1005,radial_oscillator_potential,train
1006,radial_oscillator_potential,train
1007,radial_oscillator_potential,val
1008,radial_oscillator_potential,train
1009,radial_oscillator_potential,train
1010,radial_oscillator_potential,train
1011,radial_oscillator_potential,train
1012,radial_oscillator_potential,train
1013,radial_oscillator_potential,train
1014,radial_oscillator_potential,train
1015,radial_oscillator_potential,train
1016,radial_oscillator_potential,train
1017,radial_oscillator_potential,train
1018,radial_oscillator_potential,train
1019,radial_oscillator_potential,train
1020,radial_oscillator_potential,val
1021,radial_oscillator_potential,train
1022,radial_oscillator_potential,train
1023,radial_oscillator_potential,train
1024,radial_oscillator_potential,train
1025,radial_oscillator_potential,train
1026,radial_oscillator_potential,train
1027,radial_oscillator_potential,train
1028,radial_oscillator_potential,train
1029,radial_oscillator_potential,train
1030,radial_oscillator_potential,train
1031,radial_oscillator_potential,train
1032,radial_oscillator_potential,train
1033,radial_oscillator_potential,val
1034,radial_oscillator_potential,train
1035,radial_oscillator_potential,train
1036,radial_oscillator_potential,train
1037,radial_oscillator_potential,train
1038,radial_oscillator_potential,train
1039,radial_oscillator_potential,train
1040,radial_oscillator_potential,train
1041,radial_oscillator_potential,train
1042,radial_oscillator_potential,val
1043,radial_oscillator_potential,train
1044,radial_oscillator_potential,val
1045,radial_oscillator_potential,train
1046,radial_oscillator_potential,train
1047,radial_oscillator_potential,train
1048,radial_oscillator_potential,train
1049,radial_oscillator_potential,train
1050,radial_oscillator_potential,train
1051,radial_oscillator_potential,val
1052,radial_oscillator_potential,val
1053,radial_oscillator_potential,train
1054,radial_oscillator_potential,train
1055,radial_oscillator_potential,train
1056,radial_oscillator_potential,train
1057,radial_oscillator_potential,train
1058,radial_oscillator_potential,val
1059,radial_oscillator_potential,val
1060,radial_oscillator_potential,train
1061,radial_oscillator_potential,train
1062,radial_oscillator_potential,train
1063,radial_oscillator_potential,train
1064,radial_oscillator_potential,train
1065,radial_oscillator_potential,train
1066,radial_oscillator_potential,train
1067,radial_oscillator_potential,train
1068,radial_oscillator_potential,train
1069,radial_oscillator_potential,train
1070,radial_oscillator_potential,train
1071,radial_oscillator_potential,train
1072,radial_oscillator_potential,train
1073,radial_oscillator_potential,train
1074,radial_oscillator_potential,train
1075,radial_oscillator_potential,val
1076,radial_oscillator_potential,train
1077,radial_oscillator_potential,train
1078,radial_oscillator_potential,train
1079,radial_oscillator_potential,train
1080,radial_oscillator_potential,train
1081,radial_oscillator_potential,train
1082,radial_oscillator_potential,train
1083,radial_oscillator_potential,train
1084,radial_oscillator_potential,val
1085,radial_oscillator_potential,train
1086,radial_oscillator_potential,train
1087,radial_oscillator_potential,train
1088,radial_oscillator_potential,train
1089,radial_oscillator_potential,train
1090,radial_oscillator_potential,train
1091,radial_oscillator_potential,train
1092,radial_oscillator_potential,val
1093,radial_oscillator_potential,train
1094,radial_oscillator_potential,train
1095,radial_oscillator_potential,train
1096,radial_oscillator_potential,train
1097,radial_oscillator_potential,train
1098,radial_oscillator_potential,train
1099,radial_oscillator_potential,train
1100,radial_oscillator_potential,train
1101,radial_oscillator_potential,train
1102,radial_oscillator_potential,train
1103,radial_oscillator_potential,val
1104,radial_oscillator_potential,val
1105,radial_oscillator_potential,train
1106,radial_oscillator_potential,val
1107,radial_oscillator_potential,val
1108,radial_oscillator_potential,train
1109,radial_oscillator_potential,train
1110,radial_oscillator_potential,train
1111,radial_oscillator_potential,train
1112,radial_oscillator_potential,val
1113,radial_oscillator_potential,val
1114,radial_oscillator_potential,val
1115,radial_oscillator_potential,train
1116,radial_oscillator_potential,train
1117,radial_oscillator_potential,val
1118,radial_oscillator_potential,train
1119,radial_oscillator_potential,train
1120,radial_oscillator_potential,train
1121,radial_oscillator_potential,train
1122,radial_oscillator_potential,train
1123,radial_oscillator_potential,train
1124,radial_oscillator_potential,train
1125,radial_oscillator_potential,train
1126,radial_oscillator_potential,train
1127,radial_oscillator_potential,train
1128,radial_oscillator_potential,train
1129,radial_oscillator_potential,val
1130,radial_oscillator_potential,train
1131,radial_oscillator_potential,train
1132,radial_oscillator_potential,train
1133,radial_oscillator_potential,train
1134,radial_oscillator_potential,train
1135,radial_oscillator_potential,train
1136,radial_oscillator_potential,train
1137,radial_oscillator_potential,train
1138,radial_oscillator_potential,train
1139,radial_oscillator_potential,train
1140,radial_oscillator_potential,train
1141,radial_oscillator_potential,train
1142,radial_oscillator_potential,train
1143,radial_oscillator_potential,val
1144,radial_oscillator_potential,val
1145,radial_oscillator_potential,train
1146,radial_oscillator_potential,train
1147,radial_oscillator_potential,train
1148,radial_oscillator_potential,train
1149,radial_oscillator_potential,train
1150,radial_oscillator_potential,val
1151,radial_oscillator_potential,train
1152,radial_oscillator_potential,train
1153,radial_oscillator_potential,train
1154,radial_oscillator_potential,val
1155,radial_oscillator_potential,val
1156,radial_oscillator_potential,train
1157,radial_oscillator_potential,train
1158,radial_oscillator_potential,train
1159,radial_oscillator_potential,train
1160,radial_oscillator_potential,train
1161,radial_oscillator_potential,val
1162,radial_oscillator_potential,train
1163,radial_oscillator_potential,train
1164,radial_oscillator_potential,train
1165,radial_oscillator_potential,train
1166,radial_oscillator_potential,train
1167,radial_oscillator_potential,train
1168,radial_oscillator_potential,train
1169,radial_oscillator_potential,train
1170,radial_oscillator_potential,train
1171,radial_oscillator_potential,val
1172,radial_oscillator_potential,train
1173,radial_oscillator_potential,val
1174,radial_oscillator_potential,train
1175,radial_oscillator_potential,train
1176,radial_oscillator_potential,train
1177,radial_oscillator_potential,val
1178,radial_oscillator_potential,train
1179,radial_oscillator_potential,train
1180,radial_oscillator_potential,val
1181,radial_oscillator_potential,train
1182,radial_oscillator_potential,train
1183,radial_oscillator_potential,train
1184,radial_oscillator_potential,val
1185,radial_oscillator_potential,train
1186,radial_oscillator_potential,train
1187,radial_oscillator_potential,train
1188,radial_oscillator_potential,train
1189,radial_oscillator_potential,train
1190,radial_oscillator_potential,train
1191,radial_oscillator_potential,train
1192,radial_oscillator_potential,train
1193,radial_oscillator_potential,val
1194,radial_oscillator_potential,val
1195,radial_oscillator_potential,train
1196,radial_oscillator_potential,train
1197,radial_oscillator_potential,train
1198,radial_oscillator_potential,val
1199,radial_oscillator_potential,val
1200,solve_kratzer_potential,train
1201,solve_kratzer_potential,train
1202,solve_kratzer_potential,val
1203,solve_kratzer_potential,train
1204,solve_kratzer_potential,train
1205,solve_kratzer_potential,train
1206,solve_kratzer_potential,train
1207,solve_kratzer_potential,train
1208,solve_kratzer_potential,train
1209,solve_kratzer_potential,train
1210,solve_kratzer_potential,train
1211,solve_kratzer_potential,train
1212,solve_kratzer_potential,val
1213,solve_kratzer_potential,train
1214,solve_kratzer_potential,train
1215,solve_kratzer_potential,train
1216,solve_kratzer_potential,val
1217,solve_kratzer_potential,train
1218,solve_kratzer_potential,train
1219,solve_kratzer_potential,train
1220,solve_kratzer_potential,train
1221,solve_kratzer_potential,train
1222,solve_kratzer_potential,train
1223,solve_kratzer_potential,train
1224,solve_kratzer_potential,train
1225,solve_kratzer_potential,train
1226,solve_kratzer_potential,train
1227,solve_kratzer_potential,val
1228,solve_kratzer_potential,train
1229,solve_kratzer_potential,train
1230,solve_kratzer_potential,train
1231,solve_kratzer_potential,val
1232,solve_kratzer_potential,train
1233,solve_kratzer_potential,train
1234,solve_kratzer_potential,train
1235,solve_kratzer_potential,train
1236,solve_kratzer_potential,train
1237,solve_kratzer_potential,val
1238,solve_kratzer_potential,train
1239,solve_kratzer_potential,train
1240,solve_kratzer_potential,val
1241,solve_kratzer_potential,train
1242,solve_kratzer_potential,train
1243,solve_kratzer_potential,train
1244,solve_kratzer_potential,val
1245,solve_kratzer_potential,train
1246,solve_kratzer_potential,train
1247,solve_kratzer_potential,train
1248,solve_kratzer_potential,val
1249,solve_kratzer_potential,val
1250,solve_kratzer_potential,train
1251,solve_kratzer_potential,val
1252,solve_kratzer_potential,train
1253,solve_kratzer_potential,train
1254,solve_kratzer_potential,train
1255,solve_kratzer_potential,train
1256,solve_kratzer_potential,train
1257,solve_kratzer_potential,train
1258,solve_kratzer_potential,train
1259,solve_kratzer_potential,train
1260,solve_kratzer_potential,train
1261,solve_kratzer_potential,train
1262,solve_kratzer_potential,train
1263,solve_kratzer_potential,train
1264,solve_kratzer_potential,train
1265,solve_kratzer_potential,train
1266,solve_kratzer_potential,train
1267,solve_kratzer_potential,train
1268,solve_kratzer_potential,train
1269,solve_kratzer_potential,train
1270,solve_kratzer_potential,train
1271,solve_kratzer_potential,train
1272,solve_kratzer_potential,train
1273,solve_kratzer_potential,train
1274,solve_kratzer_potential,train
1275,solve_kratzer_potential,train
1276,solve_kratzer_potential,train
1277,solve_kratzer_potential,train
1278,solve_kratzer_potential,train
1279,solve_kratzer_potential,train
1280,solve_kratzer_potential,val
1281,solve_kratzer_potential,train
1282,solve_kratzer_potential,train
1283,solve_kratzer_potential,val
1284,solve_kratzer_potential,val
1285,solve_kratzer_potential,train
1286,solve_kratzer_potential,train
1287,solve_kratzer_potential,train
1288,solve_kratzer_potential,train
1289,solve_kratzer_potential,train
1290,solve_kratzer_potential,train
1291,solve_kratzer_potential,train
1292,solve_kratzer_potential,train
1293,solve_kratzer_potential,train
1294,solve_kratzer_potential,train
1295,solve_kratzer_potential,val
1296,solve_kratzer_potential,train
1297,solve_kratzer_potential,train
1298,solve_kratzer_potential,train
1299,solve_kratzer_potential,val
1300,solve_kratzer_potential,val
1301,solve_kratzer_potential,val
1302,solve_kratzer_potential,train
1303,solve_kratzer_potential,val
1304,solve_kratzer_potential,train
1305,solve_kratzer_potential,train
1306,solve_kratzer_potential,train
1307,solve_kratzer_potential,train
1308,solve_kratzer_potential,train
1309,solve_kratzer_potential,train
1310,solve_kratzer_potential,train
1311,solve_kratzer_potential,train
1312,solve_kratzer_potential,val
1313,solve_kratzer_potential,train
1314,solve_kratzer_potential,train
1315,solve_kratzer_potential,train
1316,solve_kratzer_potential,val
1317,solve_kratzer_potential,train
1318,solve_kratzer_potential,train
1319,solve_kratzer_potential,train
1320,solve_kratzer_potential,val
1321,solve_kratzer_potential,train
1322,solve_kratzer_potential,train
1323,solve_kratzer_potential,val
1324,solve_kratzer_potential,train
1325,solve_kratzer_potential,val
1326,solve_kratzer_potential,train
1327,solve_kratzer_potential,train
1328,solve_kratzer_potential,train
1329,solve_kratzer_potential,train
1330,solve_kratzer_potential,train
1331,solve_kratzer_potential,train
1332,solve_kratzer_potential,train
1333,solve_kratzer_potential,train
1334,solve_kratzer_potential,train
1335,solve_kratzer_potential,val
1336,solve_kratzer_potential,train
1337,solve_kratzer_potential,train
1338,solve_kratzer_potential,train
1339,solve_kratzer_potential,val
1340,solve_kratzer_potential,train
1341,solve_kratzer_potential,val
1342,solve_kratzer_potential,train
1343,solve_kratzer_potential,train
1344,solve_kratzer_potential,train
1345,solve_kratzer_potential,train
1346,solve_kratzer_potential,train
1347,solve_kratzer_potential,train
1348,solve_kratzer_potential,train
1349,solve_kratzer_potential,train
1350,solve_kratzer_potential,val
1351,solve_kratzer_potential,val
1352,solve_kratzer_potential,train
1353,solve_kratzer_potential,train
1354,solve_kratzer_potential,train
1355,solve_kratzer_potential,train
1356,solve_kratzer_potential,train
1357,solve_kratzer_potential,train
1358,solve_kratzer_potential,train
1359,solve_kratzer_potential,val
1360,solve_kratzer_potential,train
1361,solve_kratzer_potential,val
1362,solve_kratzer_potential,val
1363,solve_kratzer_potential,train
1364,solve_kratzer_potential,train
1365,solve_kratzer_potential,val
1366,solve_kratzer_potential,train
1367,solve_kratzer_potential,train
1368,solve_kratzer_potential,train
1369,solve_kratzer_potential,train
1370,solve_kratzer_potential,train
1371,solve_kratzer_potential,train
1372,solve_kratzer_potential,val
1373,solve_kratzer_potential,train
1374,solve_kratzer_potential,train
1375,solve_kratzer_potential,train
1376,solve_kratzer_potential,train
1377,solve_kratzer_potential,train
1378,solve_kratzer_potential,train
1379,solve_kratzer_potential,train
1380,solve_kratzer_potential,train
1381,solve_kratzer_potential,val
1382,solve_kratzer_potential,train
1383,solve_kratzer_potential,train
1384,solve_kratzer_potential,train
1385,solve_kratzer_potential,val
1386,solve_kratzer_potential,train
1387,solve_kratzer_potential,train
1388,solve_kratzer_potential,train
1389,solve_kratzer_potential,val
1390,solve_kratzer_potential,train
1391,solve_kratzer_potential,train
1392,solve_kratzer_potential,train
1393,solve_kratzer_potential,train
1394,solve_kratzer_potential,train
1395,solve_kratzer_potential,val
1396,solve_kratzer_potential,train
1397,solve_kratzer_potential,train
1398,solve_kratzer_potential,train
1399,solve_kratzer_potential,train
1400,rose_morse,train
1401,rose_morse,train
1402,rose_morse,train
1403,rose_morse,train
1404,rose_morse,train
1405,rose_morse,train
1406,rose_morse,train
1407,rose_morse,train
1408,rose_morse,train
1409,rose_morse,train
1410,rose_morse,train
1411,rose_morse,val
1412,rose_morse,train
1413,rose_morse,train
1414,rose_morse,train
1415,rose_morse,train
1416,rose_morse,train
1417,rose_morse,train
1418,rose_morse,train
1419,rose_morse,train
1420,rose_morse,train
1421,rose_morse,train
1422,rose_morse,train
1423,rose_morse,train
1424,rose_morse,val
1425,rose_morse,train
1426,rose_morse,train
1427,rose_morse,train
1428,rose_morse,train
1429,rose_morse,train
1430,rose_morse,val
1431,rose_morse,train
1432,rose_morse,train
1433,rose_morse,train
1434,rose_morse,train
1435,rose_morse,train
1436,rose_morse,train
1437,rose_morse,train
1438,rose_morse,train
1439,rose_morse,train
1440,rose_morse,train
1441,rose_morse,train
1442,rose_morse,val
1443,rose_morse,train
1444,rose_morse,train
1445,rose_morse,train
1446,rose_morse,train
1447,rose_morse,train
1448,rose_morse,train
1449,rose_morse,val
1450,rose_morse,val
1451,rose_morse,val
1452,rose_morse,train
1453,rose_morse,train
1454,rose_morse,train
1455,rose_morse,train
1456,rose_morse,val
1457,rose_morse,train
1458,rose_morse,train
1459,rose_morse,train
1460,rose_morse,train
1461,rose_morse,train
1462,rose_morse,val
1463,rose_morse,train
1464,rose_morse,train
1465,rose_morse,train
1466,rose_morse,train
1467,rose_morse,train
1468,rose_morse,train
1469,rose_morse,train
1470,rose_morse,train
1471,rose_morse,val
1472,rose_morse,val
1473,rose_morse,val
1474,rose_morse,val
1475,rose_morse,train
1476,rose_morse,train
1477,rose_morse,train
1478,rose_morse,train
1479,rose_morse,val
1480,rose_morse,val
1481,rose_morse,train
1482,rose_morse,train
1483,rose_morse,train
1484,rose_morse,train
1485,rose_morse,train
1486,rose_morse,train
1487,rose_morse,train
1488,rose_morse,val
1489,rose_morse,train
1490,rose_morse,val
1491,rose_morse,train
1492,rose_morse,val
1493,rose_morse,train
1494,rose_morse,train
1495,rose_morse,train
1496,rose_morse,val
1497,rose_morse,train
1498,rose_morse,train
1499,rose_morse,train
1500,rose_morse,train
1501,rose_morse,train
1502,rose_morse,train
1503,rose_morse,train
1504,rose_morse,val
1505,rose_morse,train
1506,rose_morse,val
1507,rose_morse,train
1508,rose_morse,train
1509,rose_morse,val
1510,rose_morse,train
1511,rose_morse,val
1512,rose_morse,train
1513,rose_morse,train
1514,rose_morse,train
1515,rose_morse,val
1516,rose_morse,train
1517,rose_morse,train
1518,rose_morse,train
1519,rose_morse,train
1520,rose_morse,train
1521,rose_morse,train
1522,rose_morse,train
1523,rose_morse,train
1524,rose_morse,train
1525,rose_morse,train
1526,rose_morse,val
1527,rose_morse,val
1528,rose_morse,train
1529,rose_morse,val
1530,rose_morse,train
1531,rose_morse,train
1532,rose_morse,train
1533,rose_morse,train
1534,rose_morse,train
1535,rose_morse,val
1536,rose_morse,train
1537,rose_morse,train
1538,rose_morse,train
1539,rose_morse,train
1540,rose_morse,train
1541,rose_morse,train
1542,rose_morse,train
1543,rose_morse,train
1544,rose_morse,train
1545,rose_morse,train
1546,rose_morse,train
1547,rose_morse,train
1548,rose_morse,train
1549,rose_morse,train
1550,rose_morse,train
1551,rose_morse,train
1552,rose_morse,train
1553,rose_morse,val
1554,rose_morse,train
1555,rose_morse,train
1556,rose_morse,train
1557,rose_morse,val
1558,rose_morse,train
1559,rose_morse,train
1560,rose_morse,train
1561,rose_morse,val
1562,rose_morse,train
1563,rose_morse,train
1564,rose_morse,train
1565,rose_morse,train
1566,rose_morse,train
1567,rose_morse,val
1568,rose_morse,train
1569,rose_morse,train
1570,rose_morse,train
1571,rose_morse,val
1572,rose_morse,train
1573,rose_morse,val
1574,rose_morse,train
1575,rose_morse,train
1576,rose_morse,train
1577,rose_morse,train
1578,rose_morse,train
1579,rose_morse,train
1580,rose_morse,train
1581,rose_morse,train
1582,rose_morse,train
1583,rose_morse,train
1584,rose_morse,train
1585,rose_morse,train
1586,rose_morse,val
1587,rose_morse,val
1588,rose_morse,train
1589,rose_morse,train
1590,rose_morse,train
1591,rose_morse,val
1592,rose_morse,val
1593,rose_morse,train
1594,rose_morse,train
1595,rose_morse,train
1596,rose_morse,train
1597,rose_morse,train
1598,rose_morse,val
1599,rose_morse,train
1600,scar_II,train
1601,scar_II,train
1602,scar_II,train
1603,scar_II,train
1604,scar_II,val
1605,scar_II,train
1606,scar_II,train
1607,scar_II,val
1608,scar_II,train
1609,scar_II,train
1610,scar_II,train
1611,scar_II,train
1612,scar_II,train
1613,scar_II,train
1614,scar_II,train
1615,scar_II,train
1616,scar_II,train
1617,scar_II,train
1618,scar_II,val
1619,scar_II,train
1620,scar_II,train
1621,scar_II,val
1622,scar_II,train
1623,scar_II,train
1624,scar_II,val
1625,scar_II,train
1626,scar_II,train
1627,scar_II,train
1628,scar_II,train
1629,scar_II,train
1630,scar_II,train
1631,scar_II,train
1632,scar_II,train
1633,scar_II,train
1634,scar_II,train
1635,scar_II,train
1636,scar_II,val
1637,scar_II,train
1638,scar_II,val
1639,scar_II,train
1640,scar_II,val
1641,scar_II,val
1642,scar_II,train
1643,scar_II,train
1644,scar_II,val
1645,scar_II,train
1646,scar_II,train
1647,scar_II,train
1648,scar_II,val
1649,scar_II,train
1650,scar_II,train
1651,scar_II,train
1652,scar_II,train
1653,scar_II,train
1654,scar_II,val
1655,scar_II,train
1656,scar_II,train
1657,scar_II,train
1658,scar_II,train
1659,scar_II,train
1660,scar_II,train
1661,scar_II,train
1662,scar_II,train
1663,scar_II,train
1664,scar_II,train
1665,scar_II,train
1666,scar_II,train
1667,scar_II,train
1668,scar_II,val
1669,scar_II,train
1670,scar_II,val
1671,scar_II,val
1672,scar_II,val
1673,scar_II,val
1674,scar_II,train
1675,scar_II,train
1676,scar_II,train
1677,scar_II,train
1678,scar_II,train
1679,scar_II,train
1680,scar_II,val
1681,scar_II,train
1682,scar_II,val
1683,scar_II,train
1684,scar_II,train
1685,scar_II,val
1686,scar_II,train
1687,scar_II,train
1688,scar_II,train
1689,scar_II,train
1690,scar_II,train
1691,scar_II,train
1692,scar_II,val
1693,scar_II,train
1694,scar_II,train
1695,scar_II,train
1696,scar_II,train
1697,scar_II,train
1698,scar_II,train
1699,scar_II,train
1700,scar_II,train
1701,scar_II,val
1702,scar_II,val
1703,scar_II,train
1704,scar_II,train
1705,scar_II,train
1706,scar_II,train
1707,scar_II,train
1708,scar_II,train
1709,scar_II,train
1710,scar_II,train
1711,scar_II,train
1712,scar_II,val
1713,scar_II,train
1714,scar_II,train
1715,scar_II,train
1716,scar_II,train
1717,scar_II,val
1718,scar_II,train
1719,scar_II,val
1720,scar_II,train
1721,scar_II,val
1722,scar_II,val
1723,scar_II,train
1724,scar_II,train
1725,scar_II,val
1726,scar_II,train
1727,scar_II,train
1728,scar_II,train
1729,scar_II,train
1730,scar_II,train
1731,scar_II,train
1732,scar_II,train
1733,scar_II,train
1734,scar_II,val
1735,scar_II,train
1736,scar_II,val
1737,scar_II,train
1738,scar_II,train
1739,scar_II,train
1740,scar_II,train
1741,scar_II,train
1742,scar_II,train
1743,scar_II,train
1744,scar_II,train
1745,scar_II,train
1746,scar_II,train
1747,scar_II,train
1748,scar_II,train
1749,scar_II,train
1750,scar_II,train
1751,scar_II,val
1752,scar_II,val
1753,scar_II,train
1754,scar_II,train
1755,scar_II,train
1756,scar_II,val
1757,scar_II,val
1758,scar_II,train
1759,scar_II,train
1760,scar_II,train
1761,scar_II,train
1762,scar_II,train
1763,scar_II,train
1764,scar_II,val
1765,scar_II,train
1766,scar_II,train
1767,scar_II,train
1768,scar_II,train
1769,scar_II,train
1770,scar_II,train
1771,scar_II,train
1772,scar_II,train
1773,scar_II,train
1774,scar_II,train
1775,scar_II,train
1776,scar_II,train
1777,scar_II,train
1778,scar_II,train
1779,scar_II,val
1780,scar_II,train
1781,scar_II,train
1782,scar_II,train
1783,scar_II,train
1784,scar_II,train
1785,scar_II,val
1786,scar_II,train
1787,scar_II,train
1788,scar_II,val
1789,scar_II,train
1790,scar_II,train
1791,scar_II,train
1792,scar_II,train
1793,scar_II,train
1794,scar_II,train
1795,scar_II,train
1796,scar_II,train
1797,scar_II,val
1798,scar_II,train
1799,scar_II,train
